filename,line_number,asset_type,year,title,asset_sub_type,status,role,institution,references_work
O'Reilly_CV_25-26.docx,54,publication,2022,Corporate Explorer: How Corporations Can Beat Startups at the Innovation Game,book,published,co_author,Wiley,
O'Reilly_CV_25-26.docx,56,publication,2025,Leadership for Organizations (3rd edition),book,published,co_author,Sage; Flatworld Publishing,
O'Reilly_CV_25-26.docx,58,publication,2021,Lead and Disrupt: How to Solve the Innovator’s Dilemma (2nd Edition),book,published,co_author,Stanford University Press,
O'Reilly_CV_25-26.docx,60,publication,2020,Creating Ambidextrous Organizations: Exploitation and Exploration for Overcoming Inertia,book,published,co_author,Toyo Keizai,
O'Reilly_CV_25-26.docx,62,publication,2002,Winning through Innovation: A Practical Guide to Managing Organizational Change and Renewal (2nd edition),book,published,co_author,Harvard Business School Press,
O'Reilly_CV_25-26.docx,64,publication,2000,Hidden Value: How Companies Get Extraordinary Results with Ordinary People,book,published,co_author,Harvard Business School Press,
O'Reilly_CV_25-26.docx,66,publication,1989,"The Management of Organizations: Strategies, Tactics, Analyses",book,published,co_author,Harper-Collins,
O'Reilly_CV_25-26.docx,70,publication,2025,How Are Innovation-Oriented Organizational Cultures Developed? The Importance of CEO Personality,journal,in_progress,co_author,Industrial and Corporate Change,
O'Reilly_CV_25-26.docx,72,publication,2025,Ambition as a double-edged sword: More career success and more unethical behavior,journal,published,co_author,Personality and Individual Differences,
O'Reilly_CV_25-26.docx,75,publication,2025,CEO personality: The cornerstone of organizational culture?,journal,published,co_author,Group & Organization Management,
O'Reilly_CV_25-26.docx,77,publication,2024,Toxic Cultures: How Narcissistic Leaders Undermine Psychological Safety,journal,published,co_author,Current Psychology,
O'Reilly_CV_25-26.docx,79,publication,2024,Organizational culture archetypes and firm performance,journal,published,co_author,Journal of Business Research,
O'Reilly_CV_25-26.docx,81,publication,2024,How Microsoft transformed its culture: Five levers for organizational culture change,journal,published,sole_author,Management and Business Review,
O'Reilly_CV_25-26.docx,84,publication,2022,Leading disruption in a legacy business,journal,published,co_author,Sloan Management Review,
O'Reilly_CV_25-26.docx,86,publication,2022,The adaptive hybrid: Innovation with virtual work,journal,published,co_author,Management and Business Review,
O'Reilly_CV_25-26.docx,88,publication,2021,When ‘me’ trumps ‘we’: Narcissistic leaders and the cultures they create,journal,published,co_author,Academy of Management Discoveries,
O'Reilly_CV_25-26.docx,91,publication,2021,Organizational power and politics: The narcissist’s advantage,journal,published,co_author,Personality and Individual Differences,
O'Reilly_CV_25-26.docx,94,publication,2021,"Why are grandiose narcissists more effective at organizational politics? Means, motive, and opportunity",journal,published,co_author,Personality and Individual Differences,
O'Reilly_CV_25-26.docx,97,publication,2021,"Grandiose narcissists and decision making: Impulsive, overconfident and skeptical of experts—but seldom in doubt",journal,published,co_author,Personality and Individual Differences,
O'Reilly_CV_25-26.docx,100,publication,2021,Management systems for exploration and exploitation,journal,published,co_author,Research in the Sociology of Organizations,
O'Reilly_CV_25-26.docx,102,publication,2020,"Conceit and deceit: Lying, cheating, and stealing among grandiose narcissists",journal,published,co_author,Personality and Individual Differences,
O'Reilly_CV_25-26.docx,105,publication,2020,Transformational leader or narcissist? How grandiose narcissists can create and destroy organizations and institutions,journal,published,co_author,California Management Review,
O'Reilly_CV_25-26.docx,108,publication,2019,"The three stages of disruptive innovation: Idea generation, incubation, and scaling",journal,published,co_author,California Management Review,
O'Reilly_CV_25-26.docx,110,publication,2018,See you in court: How CEO narcissism increases firms’ vulnerability to lawsuits,journal,published,co_author,Leadership Quarterly,
O'Reilly_CV_25-26.docx,113,publication,2017,Gender diversity on U.S. corporate boards: Are we running in place?,journal,published,co_author,Industrial and Labor Relations Review,
O'Reilly_CV_25-26.docx,116,publication,2016,Paradigm lost: Reinvigorating the study of organizational culture,journal,published,co_author,Research in Organizational Behavior,
O'Reilly_CV_25-26.docx,118,publication,2014,The art of strategic renewal: Transforming organizations before a crisis,journal,published,co_author,Sloan Management Review,
O'Reilly_CV_25-26.docx,120,publication,2014,Narcissistic CEOs and executive compensation,journal,published,co_author,Leadership Quarterly,
O'Reilly_CV_25-26.docx,122,publication,2014,Parsing organizational culture: How the norm for adaptability influences the relationship between culture consensus and financial performance in high technology firms,journal,published,co_author,Journal of Organizational Behavior,
O'Reilly_CV_25-26.docx,124,publication,2014,"The promise and problems of organizational culture: CEO personality, culture, and firm performance",journal,published,co_author,Group & Organization Management,
O'Reilly_CV_25-26.docx,126,publication,2013,"Appointments, pay and performance in U.K. boardrooms by gender",journal,published,co_author,Economic Journal,
O'Reilly_CV_25-26.docx,128,publication,2013,"Organizational ambidexterity: Past, present, future",journal,published,co_author,Academy of Management Perspectives,
O'Reilly_CV_25-26.docx,130,publication,2011,Reducing the backlash effect: Self-monitoring and women’s promotions,journal,published,co_author,Journal of Occupational and Organizational Psychology,
O'Reilly_CV_25-26.docx,132,publication,2011,"Disaffected Pollyannas: The influence of positive affect on salary expectations, turnover and long-term satisfaction",journal,published,co_author,Journal of Occupational and Organizational Psychology,
O'Reilly_CV_25-26.docx,135,publication,2011,Organizational ambidexterity in action: How managers explore and exploit,journal,published,co_author,California Management Review,
O'Reilly_CV_25-26.docx,137,publication,2011,Becoming a leader: Early career challenges faced by MBA graduates,journal,published,co_author,Academy of Management Learning & Education,
O'Reilly_CV_25-26.docx,140,publication,2010,How leadership matters: The effects of leadership on strategy implementation,journal,published,co_author,Leadership Quarterly,
O'Reilly_CV_25-26.docx,143,publication,2010,Economic and psychological perspectives on CEO compensation: A review and synthesis,journal,published,co_author,Industrial and Corporate Change,
O'Reilly_CV_25-26.docx,145,publication,2010,Careers as Tournaments: The impact of sex and gendered organizational culture preferences on MBAs’ income attainment,journal,published,co_author,Journal of Organizational Behavior,
O'Reilly_CV_25-26.docx,149,publication,2010,Organizational designs and innovation streams,journal,published,co_author,Industrial and Corporate Change,
O'Reilly_CV_25-26.docx,152,publication,2009,Organizational ambidexterity: IBM and emerging business opportunities,journal,published,co_author,California Management Review,
O'Reilly_CV_25-26.docx,154,publication,2008,Ambidexterity as a dynamic capability: Resolving the innovator’s dilemma,journal,published,co_author,Research in Organizational Behavior,
O'Reilly_CV_25-26.docx,157,publication,2008,Implementing strategic change in a health care system: The importance of leadership and change readiness,journal,published,co_author,Health Care Management Review,
O'Reilly_CV_25-26.docx,159,publication,2007,Relevance and rigor: Executive education as a lever in shaping practice and research,journal,published,co_author,Academy of Management Learning and Education,
O'Reilly_CV_25-26.docx,161,publication,2007,Research and Relevance: Implications of Pasteur’s quadrant for doctoral programs and faculty development,journal,published,co_author,Academy of Management Journal,
O'Reilly_CV_25-26.docx,163,publication,2007,Setting the CEO’s pay: It’s more than simple economics,journal,published,co_author,Organizational Dynamics,
O'Reilly_CV_25-26.docx,165,publication,2007,Dynamic capabilities at IBM: Driving strategy into action,journal,published,co_author,California Management Review,
O'Reilly_CV_25-26.docx,167,publication,2007,Early teams: The impact of team demography on VC financing and going public,journal,published,co_author,Journal of Business Venturing,
O'Reilly_CV_25-26.docx,169,publication,2007,The effects of relational demography and person-culture fit on group process and performance,journal,published,co_author,Group & Organization Management,
O'Reilly_CV_25-26.docx,171,publication,2006,Overpaid CEOs and underpaid managers: Fairness and executive compensation,journal,published,co_author,Organization Science,
O'Reilly_CV_25-26.docx,173,publication,2005,Cisco Systems: Developing a human capital strategy,journal,published,co_author,California Management Review,
O'Reilly_CV_25-26.docx,175,publication,2004,Asymmetric reactions to work group sex diversity among men and women,journal,published,co_author,Academy of Management Journal,
O'Reilly_CV_25-26.docx,177,publication,2004,The ambidextrous organization,journal,published,co_author,Harvard Business Review,
O'Reilly_CV_25-26.docx,179,publication,2003,The determinants of team-based innovation in organizations: The role of social influence,journal,published,co_author,Small Group Research,
O'Reilly_CV_25-26.docx,181,publication,2002,Explorations of construct validity in a combined managerial and personality assessment programme,journal,published,co_author,Journal of Occupational and Organizational Psychology,
O'Reilly_CV_25-26.docx,183,publication,2002,The wrong kind of ownership,journal,published,sole_author,Across the Board,
O'Reilly_CV_25-26.docx,185,publication,1999,Managerial personality and performance: A semi-idiographic approach,journal,published,co_author,Journal of Research in Personality,
O'Reilly_CV_25-26.docx,187,publication,1998,CEO compensation as tournament and social comparison: A tale of two theories,journal,published,co_author,Administrative Science Quarterly,
O'Reilly_CV_25-26.docx,189,publication,1998,Group demography and innovation: Does diversity help?,journal,published,co_author,Research on Managing in Groups and Teams,
O'Reilly_CV_25-26.docx,191,publication,1998,Demography and diversity in organizations: A review of 40 years of research,journal,published,co_author,Research in Organizational Behavior,
O'Reilly_CV_25-26.docx,193,publication,1996,Social capital: The effects of social similarity and status on CEO compensation,journal,published,co_author,Academy of Management Journal,
O'Reilly_CV_25-26.docx,196,publication,1996,The ambidextrous organization: Managing evolutionary and revolutionary change,journal,published,co_author,California Management Review,
O'Reilly_CV_25-26.docx,198,publication,1996,"Culture as social control: Corporations, cults, and commitment",journal,published,co_author,Research in Organizational Behavior,
O'Reilly_CV_25-26.docx,200,publication,1995,"The CEO, the Board of Directors, and Executive Compensation: Economic and Psychological Perspectives",journal,published,co_author,Industrial and Corporate Change,
O'Reilly_CV_25-26.docx,202,publication,1994,Working Smarter and Harder: A Longitudinal Study of Managerial Success,journal,published,co_author,Administrative Science Quarterly,
O'Reilly_CV_25-26.docx,204,publication,1994,Over here and over there: A comparison of top executive pay in the U.K. and the U.S.A.,journal,published,co_author,International Contributions to Labor Studies,
O'Reilly_CV_25-26.docx,206,publication,1993,Top executive pay: Tournament or teamwork?,journal,published,co_author,Journal of Labor Economics,
O'Reilly_CV_25-26.docx,208,publication,1992,Being different: Relational demography and organizational attachment,journal,published,co_author,Administrative Science Quarterly,
O'Reilly_CV_25-26.docx,210,publication,1991,People and organizational culture: A profile comparison approach to assessing person-organization fit,journal,published,co_author,Academy of Management Journal,
O'Reilly_CV_25-26.docx,212,publication,1991,"Organization behavior: Where we've been, where we're going",journal,published,sole_author,Annual Review of Psychology,
O'Reilly_CV_25-26.docx,216,publication,1990,Golden parachutes: CEOs and the exercise of social influence,journal,published,co_author,Administrative Science Quarterly,
O'Reilly_CV_25-26.docx,218,publication,1990,"Mapping the intellectual structure of organizational behavior, 1972-1984: A co-citation analysis",journal,published,co_author,Journal of the American Society for Information Science,
O'Reilly_CV_25-26.docx,220,publication,1990,Measuring person-job fit with a profile comparison process,journal,published,co_author,Journal of Applied Psychology,
O'Reilly_CV_25-26.docx,222,publication,1990,Building organizational commitment: A multi-firm study,journal,published,co_author,Journal of Occupational and Organizational Psychology,
O'Reilly_CV_25-26.docx,225,publication,1989,Positive effects from negative sanctions: The impact of rewards and punishments in a social context,journal,published,co_author,Journal of Occupational Psychology,
O'Reilly_CV_25-26.docx,227,publication,1989,"Group demography, social integration, and turnover",journal,published,co_author,Administrative Science Quarterly,
O'Reilly_CV_25-26.docx,229,publication,1989,"Corporations, Culture and Commitment: Motivation and Social Control in Organizations",journal,published,sole_author,California Management Review,
O'Reilly_CV_25-26.docx,232,publication,1989,Corporate Culture: Considerations based on an empirical study of high growth firms in Silicon Valley,journal,published,sole_author,Economia Aziendale,
O'Reilly_CV_25-26.docx,234,publication,1989,Beyond simple demographic effects: The importance of relational demography in superior-subordinate dyads,journal,published,co_author,Academy of Management Journal,
O'Reilly_CV_25-26.docx,236,publication,1987,Hospital demography and turnover among nurses,journal,published,co_author,Industrial Relations,
O'Reilly_CV_25-26.docx,238,publication,1987,"Soft skills, hard numbers",journal,published,co_author,Training,
O'Reilly_CV_25-26.docx,240,publication,1986,"Organizational commitment and psychological attachment: The effects of compliance, identification, and internalization on prosocial behavior",journal,published,co_author,Journal of Applied Psychology,
O'Reilly_CV_25-26.docx,241,publication,1986,Designing and linking human resource programs,journal,published,co_author,Training and Development Journal,
O'Reilly_CV_25-26.docx,243,publication,1985,The impact of information on job choice and turnover decisions,journal,published,co_author,Academy of Management Journal,
O'Reilly_CV_25-26.docx,246,publication,1985,The impact of normative social influence and cohesiveness on task perceptions and attitudes: A social information processing approach,journal,published,co_author,Journal of Occupational Psychology,
O'Reilly_CV_25-26.docx,248,publication,1985,Personality characteristics and self-monitoring,journal,published,co_author,Psychological Reports,
O'Reilly_CV_25-26.docx,250,publication,1984,Organizational demography and turnover among top management,journal,published,co_author,Administrative Science Quarterly,
O'Reilly_CV_25-26.docx,252,publication,1983,The use of information in organizational decision making: A model and some propositions,journal,published,sole_author,Research in Organizational Behavior,
O'Reilly_CV_25-26.docx,254,publication,1983,The effects of departmental demography on turnover: The case of a university,journal,published,co_author,Academy of Management Journal,
O'Reilly_CV_25-26.docx,256,publication,1983,Intrinsic motivation and responses to an organizational reward: A field test of the sufficiency of justification hypothesis,journal,published,co_author,Journal of Personality and Social Psychology,
O'Reilly_CV_25-26.docx,258,publication,1983,Managing poor performance and productivity in organizations,journal,published,co_author,Research in Personnel and Human Resources Management,
O'Reilly_CV_25-26.docx,260,publication,1982,Variations in decision makers' use of information sources: The impact of quality and accessibility of information,journal,published,sole_author,Academy of Management Journal,
O'Reilly_CV_25-26.docx,262,publication,1982,Task perceptions and job satisfaction: A question of causality,journal,published,co_author,Journal of Applied Psychology,
O'Reilly_CV_25-26.docx,264,publication,1982,Responses to failure: The effects of choice and responsibility on impression management,journal,published,co_author,Academy of Management Journal,
O'Reilly_CV_25-26.docx,266,publication,1982,Boundary spanning and individual performance: The impact of self-monitoring,journal,published,co_author,Journal of Applied Psychology,
O'Reilly_CV_25-26.docx,268,publication,1982,Personnel/human resources management in the United States: Some evidence of change,journal,published,co_author,Irish Business and Administrative Review,
O'Reilly_CV_25-26.docx,270,publication,1982,The decertification process: Evidence from California,journal,published,co_author,Industrial Relations,
O'Reilly_CV_25-26.docx,272,publication,1981,Effects of an organizational control system on managerial attitudes and performance,journal,published,co_author,Human Relations,
O'Reilly_CV_25-26.docx,274,publication,1981,The commitment and job tenure of new employees: Some evidence of post-decisional justification,journal,published,co_author,Administrative Science Quarterly,
O'Reilly_CV_25-26.docx,276,publication,1980,Collective bargaining by nurses: A comparative analysis of management and employee perceptions,journal,published,co_author,Health Care Management Journal,
O'Reilly_CV_25-26.docx,278,publication,1980,Perceptual measures of task characteristics: The biasing effects of differing frames of reference and job attitudes,journal,published,co_author,Academy of Management Journal,
O'Reilly_CV_25-26.docx,280,publication,1980,Job choice: The impact of intrinsic and extrinsic justifications on subsequent satisfaction and commitment,journal,published,co_author,Journal of Applied Psychology,
O'Reilly_CV_25-26.docx,282,publication,1980,Trust and the communication of performance appraisal information: The effect of feedback on performance and job satisfaction,journal,published,co_author,Human Communication Research,
O'Reilly_CV_25-26.docx,284,publication,1980,Union decertification in the U.S.: 1947-1977,journal,published,co_author,Industrial Relations,
O'Reilly_CV_25-26.docx,286,publication,1980,Individuals and information overload in organizations: Is more necessarily better?,journal,published,sole_author,Academy of Management Journal,
O'Reilly_CV_25-26.docx,289,publication,1980,Managing marginal employees: The use of warnings and dismissals,journal,published,co_author,Administrative Science Quarterly,
O'Reilly_CV_25-26.docx,291,publication,1979,Some correlates of communication roles in organizations,journal,published,co_author,Academy of Management Journal,
O'Reilly_CV_25-26.docx,293,publication,1979,Changing images of professionalism: The case of Public Health Nurses,journal,published,co_author,American Journal of Public Health,
O'Reilly_CV_25-26.docx,295,publication,1979,Informational influence as a determinant of task characteristics and job satisfaction,journal,published,co_author,Journal of Applied Psychology,
O'Reilly_CV_25-26.docx,297,publication,1979,What factors influence union decertification elections?,journal,published,co_author,Monthly Labor Review,
O'Reilly_CV_25-26.docx,299,publication,1978,The intentional distortion of information in organizational communication: A laboratory and field approach,journal,published,sole_author,Human Relations,
O'Reilly_CV_25-26.docx,301,publication,1978,Supervisor influence and subordinate mobility aspirations as moderators of consideration and initiating structure,journal,published,co_author,Journal of Applied Psychology,
O'Reilly_CV_25-26.docx,303,publication,1978,Factor structure and scale reliabilities of the ACL across time,journal,published,co_author,Journal of Consulting and Clinical Psychology,
O'Reilly_CV_25-26.docx,305,publication,1978,Organizations as communication structures: An empirical approach,journal,published,co_author,Human Communication Research,
O'Reilly_CV_25-26.docx,307,publication,1977,Physical environment and job satisfaction in a community mental health center,journal,published,co_author,Community Mental Health Journal,
O'Reilly_CV_25-26.docx,309,publication,1977,Personality-job fit: Implications for individual attitudes and performance,journal,published,sole_author,Organizational Behavior and Human Performance,
O'Reilly_CV_25-26.docx,311,publication,1977,"Task group structure, communication, and effectiveness in three organizations",journal,published,co_author,Journal of Applied Psychology,
O'Reilly_CV_25-26.docx,313,publication,1977,"Superiors and peers as information sources, work group supportiveness, and individual decision-making performance",journal,published,sole_author,Journal of Applied Psychology,
O'Reilly_CV_25-26.docx,315,publication,1976,Relationships among components of credibility and communication in work units,journal,published,co_author,Journal of Applied Psychology,
O'Reilly_CV_25-26.docx,317,publication,1976,The effect of training designed to increase organizational communication effectiveness,journal,published,co_author,Nursing Research,
O'Reilly_CV_25-26.docx,319,publication,1975,"Individual differences in personality, position in the organization, and job satisfaction",journal,published,co_author,Organizational Behavior and Human Performance,
O'Reilly_CV_25-26.docx,321,publication,1974,Information filtration in organizations: Three experiments,journal,published,co_author,Organizational Behavior and Human Performance,
O'Reilly_CV_25-26.docx,323,publication,1974,Measuring organizational communication,journal,published,co_author,Journal of Applied Psychology,
O'Reilly_CV_25-26.docx,325,publication,1974,Organizational theory and organizational communication: A communication failure?,journal,published,co_author,Human Relations,
O'Reilly_CV_25-26.docx,327,publication,1974,Professional employees' preference for upward mobility,journal,published,co_author,Journal of Vocational Behavior,
O'Reilly_CV_25-26.docx,329,publication,1974,Failures in upward communication in organizations: Three possible culprits,journal,published,co_author,Academy of Management Journal,
O'Reilly_CV_25-26.docx,331,publication,1973,Job satisfaction among part-time and full-time workers,journal,published,co_author,Journal of Vocational Behavior,
O'Reilly_CV_25-26.docx,333,publication,1973,Job satisfaction among whites and non-whites: A cross-cultural approach,journal,published,co_author,Journal of Applied Psychology,
O'Reilly_CV_25-26.docx,337,publication,1979,Organizational communication,book,published,co_author,Grid,
O'Reilly_CV_25-26.docx,340,publication,1987,Message flow and decision making,book,published,co_author,Sage,
O'Reilly_CV_25-26.docx,342,publication,1993,Executive team demography and organizational change,book,published,co_author,Oxford University Press,
O'Reilly_CV_25-26.docx,344,publication,1997,Using culture for strategic innovation: Promoting innovation through social control,book,published,co_author,Oxford University Press,
O'Reilly_CV_25-26.docx,346,publication,1997,"Technology cycles, innovation streams, and ambidextrous organizations: Organizational renewal through innovation streams and strategic change",book,published,co_author,Oxford University Press,
O'Reilly_CV_25-26.docx,348,publication,1998,Organizational Culture,book,published,sole_author,CRC Press,
O'Reilly_CV_25-26.docx,351,publication,2008,Profile comparison methods for assessing organizational fit,book,published,co_author,Lawrence Erlbaum Associates,
O'Reilly_CV_25-26.docx,354,publication,2012,Organizational ambidexterity,book,published,sole_author,Palgrave,
O'Reilly_CV_25-26.docx,357,publication,2014,Leading proactive punctuated change,book,published,co_author,Oxford University Press,
O'Reilly_CV_25-26.docx,360,publication,2023,"Ambidextrous organization: What it is, when to use it",book,published,co_author,Wiley & Sons,
O'Reilly_CV_25-26.docx,364,publication,2023,Organizational culture: The silent killer of exploration,book,published,sole_author,Wiley & Sons,
O'Reilly_CV_25-26.docx,369,presentation,1972,Two empirical studies of the influence of interpersonal and situational factors on communication and job satisfaction,conference,,sole_presenter,American Psychological Association,
O'Reilly_CV_25-26.docx,372,presentation,1974,Communication: A way of viewing organizations,conference,,co_presenter,Academy of Management,
O'Reilly_CV_25-26.docx,374,presentation,1977,Measuring organizational communication: Some instrument and aggregation problems,conference,,co_presenter,Academy of Management,
O'Reilly_CV_25-26.docx,376,presentation,1977,Interpersonal communication and objective and perceptual assessments of performance in organizations,conference,,co_presenter,Academy of Management,
O'Reilly_CV_25-26.docx,378,presentation,1977,"Superiors and peers as information sources, work group supportiveness, and individual decision-making performance",conference,,sole_presenter,Midwestern Psychological Association,
O'Reilly_CV_25-26.docx,380,presentation,1977,Professional workers and union activity: The impact of individual and contextual factors on the decision to strike,conference,,co_presenter,American Psychological Association,
O'Reilly_CV_25-26.docx,383,presentation,1976,The intentional distortion of information in organizational communication: A laboratory and field approach,conference,,sole_presenter,American Institute for Decision Sciences,
O'Reilly_CV_25-26.docx,385,presentation,1978,Some correlates of communication roles in organizations,conference,,co_presenter,Academy of Management,
O'Reilly_CV_25-26.docx,387,presentation,1977,Changing images of professionalism: The case of Public Health Nurses,conference,,co_presenter,American Sociological Association,
O'Reilly_CV_25-26.docx,389,presentation,1978,Informational influence as a determinant of task characteristics and job satisfaction,conference,,co_presenter,American Psychological Association,
O'Reilly_CV_25-26.docx,391,presentation,1979,What factors influence union decertification elections?,conference,,co_presenter,AFL-CIO,
O'Reilly_CV_25-26.docx,393,presentation,1979,Organizational communication and decision making: The impact of contextual factors on information acquisition and use in laboratory and field settings,conference,,co_presenter,Institute of Management Sciences,
O'Reilly_CV_25-26.docx,395,presentation,1978,Collective bargaining by nurses: A comparative analysis of management and employee perceptions,conference,,co_presenter,American Public Health Association,
O'Reilly_CV_25-26.docx,397,presentation,1979,Perceptual measures of task characteristics: The biasing effects of differing frames of reference and job attitudes,conference,,co_presenter,Academy of Management,
O'Reilly_CV_25-26.docx,399,presentation,1979,Job choice: The impact of intrinsic and extrinsic justifications on subsequent satisfaction and commitment,conference,,co_presenter,Academy of Management,
O'Reilly_CV_25-26.docx,401,presentation,1979,Trust and the communication of performance appraisal information: The effect of feedback on performance and job satisfaction,conference,,co_presenter,Academy of Management,
O'Reilly_CV_25-26.docx,403,presentation,1981,Comparable worth and job evaluation: The biasing effect of subfactors and contextual cues,conference,,co_presenter,American Psychological Association,
O'Reilly_CV_25-26.docx,405,presentation,1979,Effects of an organizational control system on managerial attitudes and performance,conference,,co_presenter,Academy of Management,
O'Reilly_CV_25-26.docx,407,presentation,1980,The commitment and job tenure of new employees: Some evidence of postdecisional justification,conference,,co_presenter,Academy of Management,
O'Reilly_CV_25-26.docx,409,presentation,1980,The decertification process: Evidence from California,conference,,co_presenter,Academy of Management,
O'Reilly_CV_25-26.docx,411,presentation,1980,Variations in decision makers' use of information sources: The impact of quality and accessibility of information,conference,,sole_presenter,Academy of Management,
O'Reilly_CV_25-26.docx,413,presentation,1981,Task perceptions and job satisfaction: A question of causality,conference,,co_presenter,Academy of Management,
O'Reilly_CV_25-26.docx,419,presentation,1981,Responses to failure: The effects of choice and responsibility on impression management,conference,,co_presenter,Academy of Management,
O'Reilly_CV_25-26.docx,421,presentation,1982,Personnel/human resources management in the United States: Some evidence of change,conference,,co_presenter,ORSA/TIMS,
O'Reilly_CV_25-26.docx,423,presentation,1982,The joint impact of source credibility and message content on decision making: An application to personnel selection,conference,,co_presenter,Academy of Management,
O'Reilly_CV_25-26.docx,426,presentation,1982,"The Dimensionality of Attitudinal Commitment, Behavioral Commitment and Job Satisfaction: A Confirmatory Factor Analysis",conference,,co_presenter,American Institute of Decision Sciences,
O'Reilly_CV_25-26.docx,428,presentation,1982,The effects of departmental demography on turnover: The case of a university,conference,,co_presenter,Academy of Management,
O'Reilly_CV_25-26.docx,430,presentation,1982,Intrinsic motivation and responses to an organizational reward: A field test of the sufficiency of justification hypothesis,conference,,co_presenter,Academy of Management,
O'Reilly_CV_25-26.docx,432,presentation,1983,Rewards and contexts: A field test of the overjustification effect,conference,,co_presenter,American Psychological Association,
O'Reilly_CV_25-26.docx,434,presentation,1983,"Corporations, cults, and organizational culture: Lessons from Silicon Valley companies",conference,,sole_presenter,Academy of Management,
O'Reilly_CV_25-26.docx,436,presentation,1984,Charisma as communication: The impact of top management credibility and philosophy on employee involvement,conference,,sole_presenter,Academy of Management,
O'Reilly_CV_25-26.docx,438,presentation,1983,The impact of information on job choice and turnover decisions,conference,,co_presenter,Academy of Management,
O'Reilly_CV_25-26.docx,442,presentation,1982,The impact of normative social influence and cohesiveness on task perceptions and attitudes: A social information processing approach,conference,,co_presenter,American Psychological Association,
O'Reilly_CV_25-26.docx,444,presentation,1985,Organizational demography and the management of human resources: Problems and prospects for the next decade,conference,,sole_presenter,University of Minnesota (Industrial Relations Center),
O'Reilly_CV_25-26.docx,446,presentation,1985,"Organizational commitment and psychological attachment: The effects of compliance, identification, and internalization on prosocial behavior",conference,,co_presenter,Academy of Management,
O'Reilly_CV_25-26.docx,448,presentation,1986,Organizational culture and effectiveness,conference,,sole_presenter,Academy of Management,
O'Reilly_CV_25-26.docx,450,presentation,1986,Source credibility as a determinant of information system use,conference,,co_presenter,TIMS/ORSA,
O'Reilly_CV_25-26.docx,452,presentation,1987,Message flow and decision making,conference,,co_presenter,Academy of Management,
O'Reilly_CV_25-26.docx,454,presentation,1987,The impact of experienced and observed rewards and punishments on attitudes and behaviors: A field test,conference,,co_presenter,Academy of Management,
O'Reilly_CV_25-26.docx,456,presentation,1987,The social psychology of successful human resource practices in strong culture firms: A multinational comparison,conference,,co_presenter,University of Michigan (Symposium on Human Resource Management in the Multinational Corporation),
O'Reilly_CV_25-26.docx,458,presentation,1987,CEO compensation as tournament and social comparison: A tale of two theories,conference,,co_presenter,Academy of Management,
O'Reilly_CV_25-26.docx,460,presentation,1985,Positive effects from negative sanctions: The impact of rewards and punishments in a social context,conference,,co_presenter,Academy of Management,
O'Reilly_CV_25-26.docx,462,presentation,1986,"Group demography, social integration, and turnover",conference,,co_presenter,Academy of Management,
O'Reilly_CV_25-26.docx,464,presentation,1989,"Executive team demography, organizational innovation, and firm performance",conference,,co_presenter,Academy of Management,
O'Reilly_CV_25-26.docx,466,presentation,1989,Golden parachutes: CEOs and the exercise of social influence,conference,,co_presenter,Academy of Management,
O'Reilly_CV_25-26.docx,468,presentation,1986,"Mapping the intellectual structure of organizational behavior, 1972-1984: A co-citation analysis",conference,,co_presenter,Academy of Management,
O'Reilly_CV_25-26.docx,470,presentation,1990,Measuring person-job fit with a profile comparison process,conference,,co_presenter,Academy of Management,
O'Reilly_CV_25-26.docx,472,presentation,1990,"The CEO, the Board of Directors, and Executive Compensation: Who Controls Whom?",conference,,co_presenter,Academy of Management,
O'Reilly_CV_25-26.docx,474,presentation,1990,Building organizational commitment: A multi-firm study,conference,,co_presenter,Academy of Management,
O'Reilly_CV_25-26.docx,476,presentation,1990,People and organizational culture: A profile comparison approach to assessing person-organization fit,conference,,co_presenter,Academy of Management,
O'Reilly_CV_25-26.docx,478,presentation,1992,A profile comparison approach to person-job fit: More than a mirage,conference,,co_presenter,Academy of Management,
O'Reilly_CV_25-26.docx,480,presentation,1991,Being different: Relational demography and organizational attachment,conference,,co_presenter,Academy of Management,
O'Reilly_CV_25-26.docx,482,presentation,1993,Working Smarter and Harder: A Longitudinal Study of Managerial Success,conference,,co_presenter,Academy of Management,
O'Reilly_CV_25-26.docx,484,presentation,1994,Managerial personality and early career success: A profile comparison approach,conference,,co_presenter,Society for Industrial and Organizational Psychology,
O'Reilly_CV_25-26.docx,486,presentation,1995,Promoting team-based innovation: The use of normative influence,conference,,co_presenter,Academy of Management,
O'Reilly_CV_25-26.docx,488,presentation,1995,CEO pay and trickledown economics: The effect of CEO pay equity on employee wages,conference,,co_presenter,Academy of Management,
O'Reilly_CV_25-26.docx,490,presentation,1994,Social capital: The effects of social similarity and status on CEO compensation,conference,,co_presenter,Academy of Management,
O'Reilly_CV_25-26.docx,492,presentation,1996,Group demography and innovation: Does diversity help?,conference,,co_presenter,Academy of Management,
O'Reilly_CV_25-26.docx,494,presentation,1999,The impact of relational demography on teamwork: Understanding when differences make a difference,conference,,co_presenter,Academy of Management,
O'Reilly_CV_25-26.docx,496,presentation,2000,The impact of high commitment values and practices on technology start-ups,conference,,co_presenter,Academy of Management,
O'Reilly_CV_25-26.docx,498,presentation,2001,Fitting in: The effects of relational demography and person-organization fit on group process and performance,conference,,co_presenter,Academy of Management,
O'Reilly_CV_25-26.docx,500,presentation,2001,The impact of high commitment values and practices on technology start-ups,conference,,co_presenter,Academy of Management,
O'Reilly_CV_25-26.docx,502,presentation,2002,Rational ambivalence: Asymmetric effects of work group demography on men and women’s responses to being in the minority,conference,,co_presenter,Academy of Management,
O'Reilly_CV_25-26.docx,504,presentation,2003,Women’s careers: The impact of sex and gender identity on career attainment,conference,,co_presenter,Academy of Management,
O'Reilly_CV_25-26.docx,505,presentation,2006,Setting the CEO’s pay: Economic and psychological perspectives,conference,,co_presenter,Academy of Management,
O'Reilly_CV_25-26.docx,507,presentation,2008,"A longitudinal study of positive affect, organizational changes, and career satisfaction",conference,,co_presenter,Academy of Management,
O'Reilly_CV_25-26.docx,509,presentation,2009,Organizational Ambidexterity: IBM and Emerging Business Opportunities,conference,,co_presenter,Academy of Management,
O'Reilly_CV_25-26.docx,512,presentation,2010,Understanding organizational ambidexterity: An investigation of the underlying micro-mechanisms,conference,,sole_presenter,Academy of Management,
O'Reilly_CV_25-26.docx,514,presentation,2012,Management Systems for Exploration and Exploitation: The Micro-Foundations of Organizational Ambidexterity,conference,,co_presenter,Academy of Management,
O'Reilly_CV_25-26.docx,517,presentation,2012,Organizational culture and performance in high technology firms: The effects of culture content and strength,conference,,co_presenter,Academy of Management,
O'Reilly_CV_25-26.docx,521,presentation,2013,"Organizational Ambidexterity: Past, Present and Future",conference,,co_presenter,Academy of Management,
O'Reilly_CV_25-26.docx,524,presentation,2014,Progress on gender diversity for corporate boards: Are we running in place?,conference,,co_presenter,Academy of Management,
O'Reilly_CV_25-26.docx,528,presentation,2015,Minding the gender pay gap: Female CEOs and executive compensation,conference,,co_presenter,Academy of Management,
O'Reilly_CV_25-26.docx,532,presentation,2016,Paradigm lost: Reinvigorating the study of organizational culture,conference,,co_presenter,Academy of Management,
O'Reilly_CV_25-26.docx,535,presentation,2016,See you in court: How CEO narcissism increases firms’ vulnerability to lawsuits,conference,,co_presenter,Academy of Management,
O'Reilly_CV_25-26.docx,539,presentation,2022,How are innovation cultures developed? The importance of CEO personality,conference,,co_presenter,Academy of Management,
O'Reilly_CV_25-26.docx,541,presentation,2023,Organizational Culture Change: How Microsoft Transformed Its Culture,conference,,sole_presenter,Academy of Management,
O'Reilly_CV_25-26.docx,546,publication,2025,Radical Decentralization at Toss,other,published,co_author,Graduate School of Business,
O'Reilly_CV_25-26.docx,548,publication,2025,"MECCA: Empowering Customers to Look, Feel, and Be Their Best",other,published,co_author,Graduate School of Business,
O'Reilly_CV_25-26.docx,550,publication,2023,The World Innovation Lab: Transforming Corporations by Changing Mindsets,other,published,co_author,Graduate School of Business,
O'Reilly_CV_25-26.docx,552,publication,2021,The NEC Corporation in 2020: Preparing for the Future,other,published,co_author,Graduate School of Business,
O'Reilly_CV_25-26.docx,555,publication,2021,The Intel Incubation Program: Intel Inside,other,published,co_author,Graduate School of Business,
O'Reilly_CV_25-26.docx,558,publication,2020,"AGC Inc. in 2019: Your Dreams, Our Challenge",other,published,co_author,Graduate School of Business,
O'Reilly_CV_25-26.docx,561,publication,2018,Brown Bag Films (A-C),other,published,co_author,"Graduate School of Business, Stanford University",
O'Reilly_CV_25-26.docx,564,publication,2014,"DaVita: A Community First, A Company Second",other,published,co_author,Graduate School of Business,
O'Reilly_CV_25-26.docx,566,publication,2012,Cypress Semiconductor: A Federation of Entrepreneurs,other,published,co_author,"Graduate School of Business, Stanford University",
O'Reilly_CV_25-26.docx,569,publication,2012,Takeda Pharmaceuticals: Becoming a Global Company (A) (B) (C),other,published,co_author,"Graduate School of Business, Stanford University",
O'Reilly_CV_25-26.docx,572,publication,2010,JetBlue Airways: A New Beginning,other,published,co_author,"Graduate School of Business, Stanford University",
O'Reilly_CV_25-26.docx,574,publication,2006,Trader Joe’s – 1996,other,published,co_author,"Graduate School of Business, Stanford University",
O'Reilly_CV_25-26.docx,577,publication,2006,Trader Joe’s – 2006,other,published,sole_author,"Graduate School of Business, Stanford University",
O'Reilly_CV_25-26.docx,580,publication,2005,Internal Branding at Yahoo!: Crafting the Employee Value Proposition,other,published,co_author,"Graduate School of Business, Stanford University",
O'Reilly_CV_25-26.docx,583,publication,2004,Wells Fargo and Norwest: merger of equals,other,published,co_author,"Graduate School of Business, Stanford University",
O'Reilly_CV_25-26.docx,585,publication,2004,Yahoo!: A New HR Challenge (A),other,published,co_author,"Graduate School of Business, Stanford University",
O'Reilly_CV_25-26.docx,587,publication,2004,Cisco Systems: Developing a Human Capital Strategy (A) and (B),other,published,co_author,"Haas School of Business, University of California, Berkeley",
O'Reilly_CV_25-26.docx,589,publication,2003,The Liberty Medical Group,other,published,co_author,"Graduate School of Business, Stanford University",
O'Reilly_CV_25-26.docx,591,publication,2003,Transforming Human Resources at Novartis: The Human Resource Information System,other,published,co_author,"Graduate School of Business, Stanford University",
O'Reilly_CV_25-26.docx,593,publication,2001,JetBlue Airways: Starting from Scratch,other,published,co_author,Harvard Business School,
O'Reilly_CV_25-26.docx,595,publication,2001,Homestead Technologies: A Start-up Built to Last,other,published,co_author,"Graduate School of Business, Stanford University",
O'Reilly_CV_25-26.docx,598,publication,2001,Siebel Systems: Culture as a Pillar of Success,other,published,co_author,"Graduate School of Business, Stanford University",
O'Reilly_CV_25-26.docx,600,publication,2001,IBM Software Solutions (A),other,published,co_author,Harvard Business School,
O'Reilly_CV_25-26.docx,604,publication,2001,Building the Culture at Agilent Technologies: Back to the Future,other,published,co_author,"Graduate School of Business, Stanford University",
O'Reilly_CV_25-26.docx,607,publication,1999,PSS World Medical: The Challenges of Growth and Financial markets,other,published,co_author,"Graduate School of Business, Stanford University",
O'Reilly_CV_25-26.docx,610,publication,1999,Human Resources at Novartis: Aligning Business and HR Strategy,other,published,sole_author,"Graduate School of Business, Stanford University",
O'Reilly_CV_25-26.docx,613,publication,1998,"Cypress Semiconductor (A): Vision, Values, and ""Killer"" Software",other,published,co_author,"Graduate School of Business, Stanford University",
O'Reilly_CV_25-26.docx,615,publication,1998,"Cypress Semiconductor (B): Vision, Values, but No ""Killer"" Software",other,published,co_author,"Graduate School of Business, Stanford University",
O'Reilly_CV_25-26.docx,617,publication,1998,Cisco Systems: The Acquisition of Technology is the Acquisition of People,other,published,sole_author,"Graduate School of Business, Stanford University",
O'Reilly_CV_25-26.docx,619,publication,1998,"New United Motors Manufacturing, Inc. (NUMMI)",other,published,sole_author,"Graduate School of Business, Stanford University",
O'Reilly_CV_25-26.docx,621,publication,1997,The World Bank: Breaking with tradition,other,published,sole_author,,
O'Reilly_CV_25-26.docx,623,publication,1995,Southwest Airlines (A-1),other,published,sole_author,"Graduate School of Business, Stanford University",
O'Reilly_CV_25-26.docx,625,publication,1994,Southwest Airlines (A),other,published,co_author,"Graduate School of Business, Stanford University",
O'Reilly_CV_25-26.docx,632,service,,Invited reviewer,,,,Organizational Behavior and Human Decision Processes,
O'Reilly_CV_25-26.docx,636,service,,Invited reviewer,,,,Administrative Science Quarterly,
O'Reilly_CV_25-26.docx,639,service,,Invited reviewer,,,,Industrial Relations,
O'Reilly_CV_25-26.docx,640,service,,Invited reviewer,,,,National Science Foundation,
O'Reilly_CV_25-26.docx,641,service,,Invited reviewer,,,,Human Relations,
O'Reilly_CV_25-26.docx,643,service,,Invited reviewer,,,,Management Science,
O'Reilly_CV_25-26.docx,646,service,,Invited reviewer,,,,Communication Research,
O'Reilly_CV_25-26.docx,651,publication,,,journal,published,co_author,Psychological Bulletin,
O'Reilly_CV_25-26.docx,654,publication,,,journal,published,co_author,Evaluation and Program Planning,
O'Reilly_CV_25-26.docx,655,publication,,,journal,published,co_author,Basic and Applied Social Psychology,
O'Reilly_CV_25-26.docx,657,publication,,,other,published,co_author,Advances in Industrial and Labor Relations,
O'Reilly_CV_25-26.docx,658,publication,,,journal,published,co_author,Information Systems Research,
O'Reilly_CV_25-26.docx,660,publication,,,journal,published,co_author,Organization Science,
O'Reilly_CV_25-26.docx,661,publication,,,journal,published,co_author,Industrial and Corporate Change,
O'Reilly_CV_25-26.docx,664,publication,,,journal,published,co_author,Personality and Individual Differences,
O'Reilly_CV_25-26.docx,666,publication,,Editorial Board Membership,other,,co_author,,
O'Reilly_CV_25-26.docx,669,publication,1989,Editorial Board Member (1981-1989),journal,,co_author,Administrative Science Quarterly,
O'Reilly_CV_25-26.docx,670,publication,1993,Editorial Board Member (1987-1993),journal,,co_author,Communication Research,
O'Reilly_CV_25-26.docx,673,publication,2022,Editorial Board Member (2017-2022),journal,,co_author,Leadership Quarterly,
O'Reilly_CV_25-26.docx,676,publication,,Memberships,other,,co_author,,
O'Reilly_CV_25-26.docx,678,recognition,,Member,,,,Academy of Management,
O'Reilly_CV_25-26.docx,679,recognition,,Member,,,,Society for Organizational Behavior,
O'Reilly_CV_25-26.docx,680,recognition,,Member,,,,Phi Beta Kappa,
O'Reilly_CV_25-26.docx,681,recognition,,Member,,,,Society for Industrial/Organizational Psychology (SIOP),
O'Reilly_CV_25-26.docx,685,recognition,,Boards,,,,,
O'Reilly_CV_25-26.docx,686,recognition,2001,Research Advisory Board Member (1999-2001),,,,American Compensation Committee,
O'Reilly_CV_25-26.docx,687,recognition,2007,Technical Advisory Board Member (2001-2007),,,,Deploy Solutions,
O'Reilly_CV_25-26.docx,688,recognition,2002,Technical Advisory Board Member (2000-2002),,,,CriticalPoint Software,
O'Reilly_CV_25-26.docx,689,recognition,2004,Technical Advisory Board Member (2000-2004),,,,ThinkShed,
O'Reilly_CV_25-26.docx,690,recognition,2017,Technical Advisory Board Member (2013-2017),,,,Pomello,
O'Reilly_CV_25-26.docx,691,recognition,2026,Advisory/Board Role (2009-2026),,,,ChangeLogic,
O'Reilly_CV_25-26.docx,692,recognition,2026,"Advisory Board Member, Tokyo, Japan (2022-2026)",,,,IGPI,
O'Reilly_CV_25-26.docx,694,recognition,1990,Outstanding Teacher Award,,,,Haas School of Business,
O'Reilly_CV_25-26.docx,696,recognition,1984,"Executive Education Program Director; ""Management Development: A Comprehensive Approach"" (1980-1984)",,,,"University of California, Berkeley, School of Business",
O'Reilly_CV_25-26.docx,698,recognition,1984,"Program Director, Human Resource Conferences (1980, 1984)",,,,"University of California, Berkeley, Institute of Industrial Relations",
O'Reilly_CV_25-26.docx,700,recognition,1982,"Member, Staff Personnel Board (1980-1982)",,,,University of California,
O'Reilly_CV_25-26.docx,702,recognition,1985,"Member, Executive Board, Personnel/Human Resources Division (1981-1985)",,,,Academy of Management,
O'Reilly_CV_25-26.docx,705,recognition,1984,Director (1981-1984),,,,California Business Alumni,
O'Reilly_CV_25-26.docx,707,recognition,1986,"Member, Fund Council (1983-1986)",,,,Haas School of Business,
O'Reilly_CV_25-26.docx,709,recognition,1986,Program Committee Member (1983-1986),,,,"Society for Industrial and Organizational Psychology, American Psychological Association",
O'Reilly_CV_25-26.docx,711,recognition,1990,Fellowship Committee Member (1986-1990),,,,"Society for Industrial and Organizational Psychology, American Psychological Association",
O'Reilly_CV_25-26.docx,713,recognition,1994,"Co-Director, Managing Strategic Innovation and Change Executive Program, Lecco, Italy (1987-1994)",,,,Columbia University,
O'Reilly_CV_25-26.docx,715,recognition,1992,"Co-Director, Joint Executive Education Program; ""Managing Strategic Innovation"", Tokyo (1990-1992)",,,,"University of California, Berkeley; Nomura School of Advanced Management",
O'Reilly_CV_25-26.docx,717,recognition,2005,"Director, Human Resources Executive Program (1994-2005)",,,,"Stanford University, Graduate School of Business",
O'Reilly_CV_25-26.docx,719,recognition,1999,"Director, Joint Harvard-INSEAD-Stanford World Bank Executive Program (1996-1999)",,,,Harvard; INSEAD; Stanford; World Bank,
O'Reilly_CV_25-26.docx,721,recognition,2026,"Director, Leading Change and Organizational Renewal (1998-2026)",,,,"Stanford University, Graduate School of Business",
O'Reilly_CV_25-26.docx,723,recognition,2000,"Co-Director, Leading and Leveraging Innovative Organizations, BP-Amoco Stanford Executive Program",,,,Stanford Executive Program (BP-Amoco),
O'Reilly_CV_25-26.docx,725,recognition,2018,"Co-Director, Leading Organizational Change and Renewal (2000-2018)",,,,Harvard Business School (HBS) Executive Program,
O'Reilly_CV_25-26.docx,727,recognition,2002,"Director, DHL Leading Change and Organizational Renewal Program",,,,"Stanford University, Graduate School of Business",
O'Reilly_CV_25-26.docx,729,recognition,2002,"Co-Director, Cox Communications Human Resources Executive Program",,,,"Stanford University, Graduate School of Business",
O'Reilly_CV_25-26.docx,731,recognition,2002,Distinguished Teaching Award,,,,Stanford Graduate School of Business,
O'Reilly_CV_25-26.docx,733,recognition,2007,"Director, Novartis Human Resource Excellence Program (2002-2007)",,,,"Stanford University, Graduate School of Business",
O'Reilly_CV_25-26.docx,735,recognition,2008,"Co-Director, Genentech Leadership Program",,,,"Stanford University, Graduate School of Business",
O'Reilly_CV_25-26.docx,737,recognition,2010,"Co-Director, Advanced Management Program for Asian Executives",,,,,
O'Reilly_CV_25-26.docx,739,recognition,2019,"Director, SOCOM Executive Program (2018-2019)",,,,"Stanford University, Graduate School of Business",
O'Reilly_CV_25-26.docx,741,recognition,2025,"Co-Director, Culture as Competitive Advantage Program",,,,"Stanford University, Graduate School of Business",
deHaan_CV_25-26.pdf,13,publication,,Social Media Livestreaming: Investor Information or Persuasion?,other,in_progress,co_author,,
deHaan_CV_25-26.pdf,14,publication,,Information Processing Costs,other,in_progress,co_author,,
deHaan_CV_25-26.pdf,15,publication,,Generative AI in Financial Reporting,other,in_progress,co_author,,
deHaan_CV_25-26.pdf,16,publication,,The Shadow Value of ‘Public’ Information,other,in_progress,co_author,,
deHaan_CV_25-26.pdf,18,publication,2026,Social Media Livestreaming: Investor Information or Persuasion?,journal,in_progress,co_author,Journal of Accounting & Economics,
deHaan_CV_25-26.pdf,20,publication,,The Shadow Value of ‘Public’ Information,journal,in_progress,co_author,Journal of Finance,
deHaan_CV_25-26.pdf,22,publication,,Generative AI in Financial Reporting,journal,in_progress,co_author,Journal of Accounting Research,
deHaan_CV_25-26.pdf,26,publication,,Local-Thinking Bias,journal,published,co_author,The Accounting Review,
deHaan_CV_25-26.pdf,28,publication,,Information Processing Costs,other,published,co_author,Handbook on the Financial Reporting Environment,
deHaan_CV_25-26.pdf,41,recognition,,Managing Editor,,,,Journal of Accounting & Economics,
deHaan_CV_25-26.pdf,42,recognition,,Doctoral Consortium Faculty Member,,,,AAA/Deloitte Doctoral Consortium,
deHaan_CV_25-26.pdf,43,recognition,,Reviewer,,,,UC Leeds School of Business,
deHaan_CV_25-26.pdf,44,recognition,,"Director, SSRN Accounting Research Network; Editor, Disclosure e-journal",,,,SSRN,
deHaan_CV_25-26.pdf,45,recognition,,World Economic Forum Retail Investor Survey,,,,World Economic Forum,
deHaan_CV_25-26.pdf,46,recognition,,"Committee Member, PMSI Certificate Committee",,,,PMSI,
deHaan_CV_25-26.pdf,47,recognition,,"Committee Member, FAB Ad Hoc Committee (one case)",,,,FAB,
deHaan_CV_25-26.pdf,48,recognition,,"Global study trip, Japan",,,,,
deHaan_CV_25-26.pdf,51,recognition,,15 workshop & conference presentations; 4 keynote presentations; 4 panel discussions,,,,,
deHaan_CV_25-26.pdf,52,recognition,,25+ media interviews and articles,,,,,
deHaan_CV_25-26.pdf,53,recognition,,"Received Chair, Class of 1968 Professor of Management",,,,,
deHaan_CV_25-26.pdf,70,recognition,2023,"Academic appointment: Stanford University, Graduate School of Business (2023–present)",,,,"Stanford University, Graduate School of Business",
deHaan_CV_25-26.pdf,71,recognition,,MBA Class of 1963 Professor of Management,,,,"Stanford University, Graduate School of Business",
deHaan_CV_25-26.pdf,72,recognition,,Robert and Marilyn Jaedicke Faculty Fellow,,,,"Stanford University, Graduate School of Business",
deHaan_CV_25-26.pdf,74,recognition,,Senior Fellow,,,,Institute for Economic Policy Research (SIEPR),
deHaan_CV_25-26.pdf,76,recognition,2023,Academic appointment: Associate Professor (2018–2023),,,,UW Foster School of Business,
deHaan_CV_25-26.pdf,77,recognition,2018,Academic appointment: Assistant Professor (2016–2018),,,,UW Foster School of Business,
deHaan_CV_25-26.pdf,78,recognition,2016,Academic appointment: Assistant Professor (2013–2016),,,,Stanford Graduate School of Business,
deHaan_CV_25-26.pdf,89,publication,2013,Does Voluntary Adoption of a Clawback Provision Improve Financial Reporting Quality?,journal,published,co_author,Contemporary Accounting Research,
deHaan_CV_25-26.pdf,92,publication,2014,Reputation Repair after a Serious Restatement,journal,published,co_author,The Accounting Review,
deHaan_CV_25-26.pdf,94,publication,2012,Best Paper Award,,,,Western AAA Meeting,
deHaan_CV_25-26.pdf,98,publication,2015,Market (In)Attention and the Strategic Scheduling and Timing of Earnings Announcements,journal,published,co_author,Journal of Accounting & Economics,
deHaan_CV_25-26.pdf,102,publication,2015,Does the Revolving Door Affect the SEC’s Enforcement Outcomes?,journal,published,co_author,Journal of Accounting & Economics,
deHaan_CV_25-26.pdf,106,publication,2014,Selected for the Journal of Accounting and Economics Conference,,,,Journal of Accounting and Economics,
deHaan_CV_25-26.pdf,108,publication,2017,The Financial Crisis and Corporate Credit Ratings,journal,published,co_author,The Accounting Review,
deHaan_CV_25-26.pdf,109,publication,2012,Best PhD Paper Award,,,,Western AAA Meeting,
deHaan_CV_25-26.pdf,111,publication,2017,Do Weather-Induced Moods Affect the Processing of Earnings News?,journal,published,co_author,Journal of Accounting Research,
deHaan_CV_25-26.pdf,115,publication,2018,Capital Market Effects of Media Synthesis and Dissemination: Evidence from Robo-Journalism,journal,published,co_author,Review of Accounting Studies,
deHaan_CV_25-26.pdf,126,publication,2021,Best Paper Award,,,,FARS Section of AAA,
deHaan_CV_25-26.pdf,130,publication,2019,Long-Term Economic Consequences of Hedge Fund Activist Interventions,journal,published,co_author,Review of Accounting Studies,
deHaan_CV_25-26.pdf,136,publication,2019,Why do individual investors disregard accounting information? The roles of information awareness and acquisition costs,journal,published,co_author,Journal of Accounting Research,
deHaan_CV_25-26.pdf,139,publication,2018,Selected for FARS “Editors’ Picks” Plenary Session,,,,FARS,
deHaan_CV_25-26.pdf,142,publication,2020,Strategic Disclosure and CEO Media Visibility,journal,published,co_author,Journal of Financial Reporting,
deHaan_CV_25-26.pdf,146,publication,2020,"Disclosure Processing Costs, Investors’ Information Choice, and Equity Market Outcomes: A Review",journal,published,co_author,Journal of Accounting & Economics,
deHaan_CV_25-26.pdf,148,publication,2019,Selected for the Journal of Accounting and Economics Conference,,,,Journal of Accounting & Economics,
deHaan_CV_25-26.pdf,150,publication,2021,Obfuscation in Mutual Funds,journal,published,co_author,Journal of Accounting & Economics,
deHaan_CV_25-26.pdf,152,publication,2020,Selected for the Journal of Accounting and Economics Conference,,,,Journal of Accounting & Economics,
deHaan_CV_25-26.pdf,156,publication,2023,How Resilient are Firms’ Financial Reporting Processes?,journal,published,co_author,Management Science,
deHaan_CV_25-26.pdf,159,publication,2023,Financial Reporting and Employee Job Search,journal,published,co_author,Journal of Accounting Research,
deHaan_CV_25-26.pdf,163,publication,2023,Retail Bond Investors and Credit Ratings,journal,published,co_author,Journal of Accounting & Economics,
deHaan_CV_25-26.pdf,167,publication,2023,Control Variables in Interactive Models,journal,published,co_author,Journal of Financial Reporting,
deHaan_CV_25-26.pdf,169,publication,2024,Buy Now Pay (Pain?) Later,journal,published,co_author,Management Science,
deHaan_CV_25-26.pdf,175,publication,2024,Measuring Investor Attention using Google Search,journal,published,co_author,Management Science,
deHaan_CV_25-26.pdf,187,publication,2024,Using and Interpreting Fixed Effects Models,journal,published,co_author,Journal of Accounting Research,
deHaan_CV_25-26.pdf,190,publication,2024,Market Access and Retail Trading Performance,journal,published,co_author,The Accounting Review,
deHaan_CV_25-26.pdf,194,publication,2025,Local-Thinking Bias,journal,published,co_author,The Accounting Review,
deHaan_CV_25-26.pdf,195,publication,2024,Selected for the Colorado Summer Conference,,,,Colorado Summer Conference,
deHaan_CV_25-26.pdf,200,publication,,Accounting Information and Trade Credit,other,in_progress,co_author,,
deHaan_CV_25-26.pdf,204,publication,2025,Selected for the Colorado Summer Conference,,,,Colorado Summer Conference,
deHaan_CV_25-26.pdf,207,publication,2025,Selected for the Journal of Accounting Research Conference; JAR Registered Reports Conference (2024),,,,Journal of Accounting Research,
deHaan_CV_25-26.pdf,209,presentation,,Social Media Livestreaming: Investor Information or Persuasion?,conference,,co_presenter,,
deHaan_CV_25-26.pdf,214,publication,2025,Information Processing Costs,book,published,co_author,Edward Elgar Publishing,
deHaan_CV_25-26.pdf,247,presentation,,Invited presentations (institutions listed),other,,sole_presenter,Southern Methodist; Virginia Darden,
deHaan_CV_25-26.pdf,248,presentation,2016,Invited presentations (venues listed),conference,,sole_presenter,HKUST Symposium; Washington; Rutgers; UBCOW Conference,
deHaan_CV_25-26.pdf,249,presentation,2015,Invited presentations (venues listed),conference,,sole_presenter,Chicago; Pennsylvania; Michigan; Berkeley; LBS; Utah; Stanford Camp; LBS Symposium; Illinois Young Scholars Symposium; Georgia; FARS Meeting,
deHaan_CV_25-26.pdf,251,presentation,2014,Invited presentations (venues listed),conference,,sole_presenter,"JAE Conference; Conference on Financial Economics and Accounting; Minnesota; San Francisco State; Ohio State; UNC; Rochester; University of Technology, Sydney",
deHaan_CV_25-26.pdf,254,presentation,2013,Invited presentations (institutions listed),other,,sole_presenter,NYU; Rice; Berkeley; Miami; Arizona State; Stanford; Boston College; MIT; Northwestern; Columbia; Emory; Washington University,
deHaan_CV_25-26.pdf,256,presentation,2012,Invited presentations (conferences listed),conference,,sole_presenter,Conference on Financial Economics and Accounting; UBCOW Conference; AAA Conference; Milgard CSLR Conference; AAA Western Regional; Washington; FARS,
deHaan_CV_25-26.pdf,261,presentation,2026,Panel: FARS Conference,conference,,sole_presenter,FARS Conference,
deHaan_CV_25-26.pdf,262,presentation,2025,Panel: Summit@StanfordGSB,conference,,sole_presenter,Stanford,
deHaan_CV_25-26.pdf,263,presentation,2025,Panel: West Coast Leadership Dialogue,conference,,sole_presenter,Stanford,
deHaan_CV_25-26.pdf,264,presentation,2025,Panel: Centennial Celebration,conference,,sole_presenter,Stanford,
deHaan_CV_25-26.pdf,265,presentation,2025,Keynote: Sullivan Scholar Forum,keynote,,sole_presenter,Iowa,
deHaan_CV_25-26.pdf,267,presentation,2025,Keynote: Deloitte Doctoral Consortium,keynote,,sole_presenter,Texas,
deHaan_CV_25-26.pdf,268,presentation,2025,Keynote: CAPANA Annual Conference,keynote,,sole_presenter,Taiwan,
deHaan_CV_25-26.pdf,269,presentation,2025,Panel: Labor & Accounting Group Conference,conference,,sole_presenter,Stanford,
deHaan_CV_25-26.pdf,270,presentation,2025,Keynote: SARAC Conference,keynote,,sole_presenter,"Davos, Switzerland",
deHaan_CV_25-26.pdf,271,presentation,2024,Panel: JAE Doctoral Consortium,conference,,sole_presenter,Stanford,
deHaan_CV_25-26.pdf,272,presentation,2024,Keynote: CUHK Accounting Conference,keynote,,sole_presenter,Hong Kong,
deHaan_CV_25-26.pdf,273,presentation,2023,"Keynote: Disclosure, Information Sharing, and Secrecy Workshop",keynote,,sole_presenter,,
deHaan_CV_25-26.pdf,275,presentation,2023,Discussion: Conflicted regulators,conference,,sole_presenter,FARS Conference,
deHaan_CV_25-26.pdf,276,presentation,2022,Discussion: The SEC’s use of voluntary disclosure for the oversight of mandatory disclosure,conference,,sole_presenter,Brazil Conference,
deHaan_CV_25-26.pdf,278,presentation,2022,Keynote: Deloitte Doctoral Consortium,keynote,,sole_presenter,Texas,
deHaan_CV_25-26.pdf,279,presentation,2022,Panel: Deloitte Doctoral Consortium,conference,,sole_presenter,Texas,
deHaan_CV_25-26.pdf,280,presentation,2021,Panel: Deloitte Doctoral Consortium,conference,,sole_presenter,Texas,
deHaan_CV_25-26.pdf,281,presentation,2020,Panel: Deloitte Doctoral Consortium,conference,,sole_presenter,Texas,
deHaan_CV_25-26.pdf,283,presentation,2019,"Discussion: Financial reporting quality, turnover risk, and wage differentials: evidence from worker-level data",conference,,sole_presenter,UNC/Duke Fall Camp,
deHaan_CV_25-26.pdf,285,presentation,2019,Panel: Deloitte Doctoral Consortium,conference,,sole_presenter,Texas,
deHaan_CV_25-26.pdf,286,presentation,2019,Keynote: Deloitte Doctoral Consortium,keynote,,sole_presenter,Texas,
deHaan_CV_25-26.pdf,287,presentation,2019,Panel: CARE Conference,conference,,sole_presenter,Washington DC,
deHaan_CV_25-26.pdf,288,presentation,2018,Discussion: Automatic summaries of earnings releases: attributes and effects on investors’ judgments,conference,,sole_presenter,RAST Conference,
deHaan_CV_25-26.pdf,290,presentation,2018,Discussion: Strategic subsidiary disclosure,conference,,sole_presenter,Colorado Conference,
deHaan_CV_25-26.pdf,291,presentation,2018,Discussion: Looking under the hood: quantitative vs qualitative inputs to analysts’ forecasts of fundamental risk,conference,,sole_presenter,Stanford Summer Camp,
deHaan_CV_25-26.pdf,293,presentation,2017,Discussion: Customers and financial reporting quality,conference,,sole_presenter,AAA Annual Meeting,
deHaan_CV_25-26.pdf,295,presentation,2017,Discussion: Weather and voluntary management forecasts,conference,,sole_presenter,AAA Annual Meeting,
deHaan_CV_25-26.pdf,305,presentation,2016,Discussion: When does peer information matter?,conference,,sole_presenter,Wash U Dopuch Conference,
deHaan_CV_25-26.pdf,306,presentation,2015,Discussion: The hidden face of the media: how financial journalists produce information,conference,,sole_presenter,FARS Conference,
deHaan_CV_25-26.pdf,308,presentation,2014,Discussion: Cash flow management and credit rating properties,conference,,sole_presenter,FARS Conference,
deHaan_CV_25-26.pdf,309,presentation,2014,Discussion: Inherited identity and CEO compensation,conference,,sole_presenter,Stanford Summer Camp,
deHaan_CV_25-26.pdf,313,presentation,2025,Invited conference participation (venues listed),conference,,sole_presenter,JAR; JAE; Colorado; Utah; INSEAD; Alberta; CAPANA; Deloitte Doctoral Consortium; Labor & Accounting; Stanford Camp; CITE Transparency; Stanford GSB Centennial,
deHaan_CV_25-26.pdf,315,presentation,2024,Invited conference participation (venues listed),conference,,sole_presenter,JAR; JAE; JAR Registered Reports; RAST; Tulane; INSEAD; Stanford Camp; CUHK; Utah; Hoover Working Group on Corporate Governance; SITE Transparency; Teaching Personal Finance; BAR,
deHaan_CV_25-26.pdf,318,presentation,2023,Invited conference participation (venues listed),conference,,sole_presenter,JAR; JAE; Michigan; INSEAD; Utah; Stanford Camp; Notre Dame; Colorado; Washington; BAR,
deHaan_CV_25-26.pdf,320,presentation,2022,Invited conference participation (venues listed),conference,,sole_presenter,JAR; JAE; RAST; Utah; Deloitte Doctoral Consortium; INSEAD; Labor & Accounting Group; Colorado; UBCOW; Brazil,
deHaan_CV_25-26.pdf,322,presentation,2021,Invited conference participation (venues listed),conference,,sole_presenter,JAR; JAE; RAST; Deloitte Doctoral Consortium; JFR/FARS Methods Mini-Conference; Labor and Accounting Conference; Stanford Camp; UBCOW,
deHaan_CV_25-26.pdf,324,presentation,2020,Invited conference participation (venues listed),conference,,sole_presenter,JAR; JAE; RAST; CAR; Deloitte Doctoral Consortium; Utah; Stanford Camp,
deHaan_CV_25-26.pdf,326,presentation,2019,Invited conference participation (venues listed),conference,,sole_presenter,JAE; JAR; RAST; INSEAD; CARE; Colorado; Utah; Stanford Camp; UNC/Duke Fall Camp; UBCOW; Miami Winter Warm-Up,
deHaan_CV_25-26.pdf,328,presentation,2018,Invited conference participation (venues listed),conference,,sole_presenter,JAE; JAR; RAST; Colorado; Utah; INSEAD; Stanford Camp; UCLA; UBCOW,
deHaan_CV_25-26.pdf,329,presentation,2017,Invited conference participation (venues listed),conference,,sole_presenter,JAE; RAST; Utah; Penn State; Tilburg Spring Camp; Colorado; Stanford Camp; Junior,
deHaan_CV_25-26.pdf,331,presentation,2016,Invited conference participation (venues listed),conference,,sole_presenter,JAE; HKUST; RAST; CAR; Utah; Colorado; Washington University; Stanford Camp; UBCOW,
deHaan_CV_25-26.pdf,332,presentation,,UBCOW,conference,,sole_presenter,UBCOW,
deHaan_CV_25-26.pdf,333,publication,2015,JAE; RAST; Stanford Camp; LBS; Colorado; Penn State; Illinois Young Scholars,other,published,co_author,Journal of Accounting & Economics,
deHaan_CV_25-26.pdf,335,presentation,2014,Invited symposium/conference participation (venues listed),conference,,sole_presenter,JAE; RAST; CAR; Stanford Camp; LBS; Colorado; Stanford Causality in the Social Sciences Conference; CFEA; AAA New Faculty Consortium,
deHaan_CV_25-26.pdf,337,presentation,2013,Invited symposium/conference participation (venues listed),conference,,sole_presenter,Stanford Camp; Stanford Conference on China Capital Markets,
deHaan_CV_25-26.pdf,338,presentation,2012,Invited symposium/conference participation (venues listed),conference,,sole_presenter,JAE; AFAANZ Doctoral Symposium; CFEA; Deloitte Doctoral Consortium; Milgard,
deHaan_CV_25-26.pdf,340,presentation,2010,Invited conference participation (venues listed),conference,,sole_presenter,UBCOW; Southeast Summer Accounting Research Colloquium,
deHaan_CV_25-26.pdf,342,presentation,2009,Invited conference participation (venues listed),conference,,sole_presenter,UBCOW; FASB PhD Conference,
deHaan_CV_25-26.pdf,347,publication,2025,Managing Editor,journal,,co_author,Journal of Accounting and Economics,
deHaan_CV_25-26.pdf,348,publication,2024,Editor,journal,,co_author,Journal of Accounting and Economics,
deHaan_CV_25-26.pdf,349,publication,2024,"Director, SSRN Accounting Research Network (ARN)",other,,co_author,SSRN,
deHaan_CV_25-26.pdf,350,publication,2024,"Editor, SSRN Accounting – Disclosure eJournal",journal,,co_author,SSRN,
deHaan_CV_25-26.pdf,352,publication,2022,Editor,journal,,co_author,Accountability in a Sustainable World Quarterly,
deHaan_CV_25-26.pdf,353,publication,2023,Guest Editor,journal,,co_author,Journal of Financial Reporting,
deHaan_CV_25-26.pdf,354,service,2024,Editorial Board,journal,,,Review of Accounting Studies,
deHaan_CV_25-26.pdf,355,service,2023,Editorial Board,journal,,,The Accounting Review,
deHaan_CV_25-26.pdf,365,service,2022,Associate Editor,journal,,,Management Science,
deHaan_CV_25-26.pdf,366,service,2021,Associate Editor,journal,,,Journal of Accounting Research,
deHaan_CV_25-26.pdf,367,service,2021,Editorial Board,journal,,,Journal of Accounting and Economics,
deHaan_CV_25-26.pdf,368,service,,Ad Hoc Referee,journal,,,"Journal of Accounting Research; Journal of Accounting and Economics; The Accounting Review; Contemporary Accounting Research; Review of Accounting Studies; Accounting Horizons; Journal of Business, Finance, and Accounting; Management Science; Journal of Corporate Finance; Journal of Financial and Quantitative Analysis; Financial Management; Journal of Finance; Review of Financial Studies; Journal of Financial Economics",
deHaan_CV_25-26.pdf,375,presentation,2026,"Advisory Committee, Colorado Summer Accounting Conference",conference,,sole_presenter,Colorado Summer Accounting Conference,
deHaan_CV_25-26.pdf,376,presentation,2024,AAA Mid-Career Faculty Consortium Task Force,conference,,sole_presenter,American Accounting Association (AAA),
deHaan_CV_25-26.pdf,377,presentation,2022,"Chair, AAA/Deloitte/J. Michael Cook Doctoral Consortium",conference,,sole_presenter,American Accounting Association (AAA),
deHaan_CV_25-26.pdf,378,presentation,2022,"Organizer, UBCOW Conference",conference,,sole_presenter,UBCOW Conference,
deHaan_CV_25-26.pdf,379,presentation,2022,"Senior Planning Committee, The Tenure Project",conference,,sole_presenter,The Tenure Project,
deHaan_CV_25-26.pdf,380,presentation,2022,"Program Committee, RFS-GSU FinTech Conference",conference,,sole_presenter,RFS-GSU FinTech Conference,
deHaan_CV_25-26.pdf,382,presentation,2021,"Chair, JFR/FARS Research Methods Mini-Conference",conference,,sole_presenter,JFR/FARS,
deHaan_CV_25-26.pdf,383,presentation,2020,"Co-Founder, Early Insights in Accounting Webinar",workshop,,co_presenter,Early Insights in Accounting,
deHaan_CV_25-26.pdf,384,presentation,2019,"Co-Organizer, CARE Conference",conference,,co_presenter,CARE Conference,
deHaan_CV_25-26.pdf,385,presentation,2019,"Discussion Leader, FARS Doctoral Consortium",conference,,sole_presenter,FARS,
deHaan_CV_25-26.pdf,386,presentation,2017,"Track Coordinator, FARS Mid-Year Conference",conference,,sole_presenter,FARS,
deHaan_CV_25-26.pdf,387,presentation,2025,"Co-Organizer, Stanford Summer Camp",workshop,,co_presenter,Stanford,
deHaan_CV_25-26.pdf,390,presentation,2026,"Working Group Member, World Economic Forum Retail Investor Survey",other,,sole_presenter,World Economic Forum,
deHaan_CV_25-26.pdf,393,presentation,2025,"External Reviewer, Leeds School of Business Accounting Department",other,,sole_presenter,Leeds School of Business,
deHaan_CV_25-26.pdf,399,recognition,2026,PMSI Certificate Steering Committee,,,,Stanford,
deHaan_CV_25-26.pdf,400,recognition,2026,AI Curriculum & Coordination Committee,,,,Stanford,
deHaan_CV_25-26.pdf,401,recognition,2024,PMSI Certificate Redesign Committee,,,,Stanford,
deHaan_CV_25-26.pdf,402,recognition,2023,Department Chair Search Committee,,,,University of Washington (UW),
deHaan_CV_25-26.pdf,403,recognition,2022,Professorship Review Committee,,,,University of Washington (UW),
deHaan_CV_25-26.pdf,404,recognition,2022,Research Support Committee,,,,University of Washington (UW),
deHaan_CV_25-26.pdf,405,recognition,2021,MBA Curriculum Committee,,,,University of Washington (UW),
deHaan_CV_25-26.pdf,406,recognition,2020,Promotion & Tenure Task Force (Chair),,,,University of Washington (UW),
deHaan_CV_25-26.pdf,407,recognition,2020,Faculty Council (Vice Chair),,,,University of Washington (UW),
deHaan_CV_25-26.pdf,408,recognition,2020,Accounting Curriculum Committee,,,,University of Washington (UW),
deHaan_CV_25-26.pdf,410,recognition,2019,Scholarship Review Committee,,,,University of Washington (UW),
deHaan_CV_25-26.pdf,411,recognition,2019,Faculty Council,,,,University of Washington (UW),
deHaan_CV_25-26.pdf,414,recognition,2027,"Chair, Qianqian Li (expected 2027)",,,,,
deHaan_CV_25-26.pdf,415,recognition,2026,"Chair, Andrew Glover (expected 2026)",,,,,
deHaan_CV_25-26.pdf,425,recognition,2026,"Member, Xuan Su (expected 2026)",,,,,
deHaan_CV_25-26.pdf,426,recognition,2022,"Member, Edgar Rodriguez Vazquez (2022, placement: Baruch)",,,,Baruch,
deHaan_CV_25-26.pdf,427,recognition,2022,"Member, Wei Ting Loh (2022, placement: Singapore Management)",,,,Singapore Management,
deHaan_CV_25-26.pdf,428,recognition,2021,"Chair, John Wertz (2021, placement: Indiana)",,,,Indiana,
deHaan_CV_25-26.pdf,429,recognition,2019,"Member, Rob Raney (2019, placement: IESE)",,,,IESE,
deHaan_CV_25-26.pdf,431,recognition,2019,"External Member, Ties de Kok (2019, placement: Washington)",,,,Washington,
deHaan_CV_25-26.pdf,432,recognition,2018,"Member, Rosh Sinha (2018, placement: Indiana)",,,,Indiana,
deHaan_CV_25-26.pdf,444,presentation,2025,Disclosure Processing Costs,workshop,,sole_presenter,University of Iowa,
deHaan_CV_25-26.pdf,445,presentation,2022,Disclosure Processing Costs; Research Methods,workshop,,sole_presenter,Northwestern,
deHaan_CV_25-26.pdf,446,presentation,2022,Disclosure Processing Costs; Research Methods,workshop,,sole_presenter,University of Miami,
deHaan_CV_25-26.pdf,447,presentation,2021,Research Methods,workshop,,sole_presenter,University of Tennessee,
deHaan_CV_25-26.pdf,448,presentation,2021,Research Methods,conference,,sole_presenter,Spanish Accounting Association,
deHaan_CV_25-26.pdf,449,presentation,2018,Market Inattention; Research Methods,workshop,,sole_presenter,INSEAD,
deHaan_CV_25-26.pdf,452,recognition,2024,Distinguished Teaching Award,,,,Stanford,
deHaan_CV_25-26.pdf,453,recognition,2023,Evening MBA Professor of the Year,,,,University of Washington (UW),
deHaan_CV_25-26.pdf,455,recognition,2021,MBA Professor of the Year,,,,University of Washington (UW),
deHaan_CV_25-26.pdf,456,recognition,2021,Outstanding PhD Mentor Award,,,,University of Washington (UW),
deHaan_CV_25-26.pdf,457,recognition,2018,PACCAR Teaching Excellence Award,,,,University of Washington (UW),
deHaan_CV_25-26.pdf,458,recognition,2018,Charles Summer Memorial Teaching Award,,,,University of Washington (UW),
deHaan_CV_25-26.pdf,459,recognition,2016,MSx Teaching Excellence Award,,,,Stanford,
deHaan_CV_25-26.pdf,460,recognition,2011,PhD Teaching Award,,,,University of Washington (UW),
deHaan_CV_25-26.pdf,471,recognition,2022,Daniel R. Siegel Service Award,,,,University of Washington (UW),
deHaan_CV_25-26.pdf,472,recognition,2022,Fowler Award for Special Achievement,,,,UW,
deHaan_CV_25-26.pdf,473,recognition,2020,Dean’s Award for Faculty Research,,,,UW,
deHaan_CV_25-26.pdf,486,recognition,,Comment Letter to the SEC on proposed 24X National Exchange (File No. 10-2421) (with Andrew Glover),,,,U.S. Securities and Exchange Commission (SEC),
deHaan_CV_25-26.pdf,490,recognition,2022,SEC Rule 33-11125: Tailored Shareholder Reports for Mutual Funds and Exchange-Traded Funds; Fee Information in Investment Company Advertisements,,,,U.S. Securities and Exchange Commission (SEC),
deHaan_CV_25-26.pdf,492,recognition,2022,Statement by SEC Commissioner Crenshaw: Statement on Tailored Shareholder Reports for Mutual Funds and Exchange Traded Funds,,,,U.S. Securities and Exchange Commission (SEC),
deHaan_CV_25-26.pdf,494,recognition,2022,SEC Rule 33-11126: Listing Standards for Recovery of Erroneously Awarded Compensation,,,,U.S. Securities and Exchange Commission (SEC),
deHaan_CV_25-26.pdf,496,recognition,2021,Statement by SEC Commissioner Crenshaw: The Lessons of Structured Data,,,,U.S. Securities and Exchange Commission (SEC),
deHaan_CV_25-26.pdf,500,recognition,2025,"Travel Now, Pay Later? What to Know Before You Splurge",,,,New York Times,
deHaan_CV_25-26.pdf,501,recognition,2025,"AI Can Help With Retirement Planning, but It Can’t Replace a Human Advisor",,,,Barrons,
deHaan_CV_25-26.pdf,503,recognition,2025,Day-Trading Restraints to Be Loosened Under Proposed Rule Change,,,,Bloomberg,
deHaan_CV_25-26.pdf,504,recognition,2025,Inflation-Driven Debt Inflation-Driven Debt Could Sink Economy,,,,Creators.com,
deHaan_CV_25-26.pdf,506,recognition,2025,Canadian venues turning to split payments for pricey concert tickets as attendance wanes,,,,Globe and Mail,
deHaan_CV_25-26.pdf,508,recognition,2025,"Is buy now, pay later headed for a fall?",,,,Guardian,
deHaan_CV_25-26.pdf,509,recognition,2025,JPMorgan has had enough of grads accepting future-dated roles elsewhere,,,,Fortune,
deHaan_CV_25-26.pdf,510,recognition,2025,"How much Buy Now, Pay Later debt is out there?",,,,Marketplace,
deHaan_CV_25-26.pdf,511,recognition,2025,Popular Ticket Payment Method Can Be A Trap,,,,Huffington Post,
deHaan_CV_25-26.pdf,512,recognition,2025,Employees Care About Organization Finances — But Do They Understand Them?,,,,Insights by Stanford,
deHaan_CV_25-26.pdf,514,recognition,2025,"Weight loss drugs, DoorDash are entering BNPL space. Is 'bite now, pay later' a good idea?",,,,USA Today,
deHaan_CV_25-26.pdf,516,recognition,2025,The risk of financing your errands.,,,,The Atlantic,
deHaan_CV_25-26.pdf,517,recognition,2025,"Intrigued by buy-now, pay-later loans?",,,,NPR Life Kit,
deHaan_CV_25-26.pdf,518,recognition,2025,"Buy now, pay later loans are becoming more popular. Here's what to know",,,,NPR,
deHaan_CV_25-26.pdf,519,recognition,2024,"The hidden costs of buy now, pay later financing during the festive season",,,,KOMO,
deHaan_CV_25-26.pdf,520,recognition,2024,"Buy Now, Pay Later Often a Debt Trap",,,,Checkbook,
deHaan_CV_25-26.pdf,521,recognition,2024,"Pros and cons of buy now, pay later.",,,,Your Money Podcast,
deHaan_CV_25-26.pdf,522,recognition,2024,How Could the Presidential Election Impact My Money?,,,,Wall Street Journal,
deHaan_CV_25-26.pdf,523,recognition,2024,"Comparing buy now, pay later plans: are installment plans a budget win or finance fail?",,,,MoneySense,
deHaan_CV_25-26.pdf,526,recognition,2024,Money Talks: Understanding the Language of Business.,,,,If/Then Podcast,
deHaan_CV_25-26.pdf,527,recognition,2024,"Good News for Shoppers Who Love Buy-Now, Pay-Later Programs",,,,Time,
deHaan_CV_25-26.pdf,528,recognition,2024,"’Buy Now, Pay Later’ Has Americans Racking Up Phantom Debt",,,,Bloomberg,
deHaan_CV_25-26.pdf,529,recognition,2024,"Buyer beware: Unregulated ‘buy now, pay later’ loans can lead to greater debt and higher costs for you.",,,,Kansas City Star,
deHaan_CV_25-26.pdf,531,recognition,2024,Apple begins sharing BNPL data with Experian.,,,,Payments Dive,
deHaan_CV_25-26.pdf,532,recognition,2024,"Apple's buy-now-pay-later service will report customer data to Experian, in a 'very positive first step' for consumers.",,,,MarketWatch,
deHaan_CV_25-26.pdf,545,recognition,2024,"Buy Now, Pay Later has exploded in popularity. NY wants to regulate it.",,,,Gothamist,
deHaan_CV_25-26.pdf,546,recognition,2023,Americans May Be Taking On Too Much Pay-Later ‘Phantom Debt’,,,,New York Times,
deHaan_CV_25-26.pdf,547,recognition,2023,"Breaking down buy now, pay later.",,,,Retail Dive,
deHaan_CV_25-26.pdf,548,recognition,2023,Why Is Palo Alto Networks Reporting After-the-Bell on a Summer Friday?,,,,Investing.com,
deHaan_CV_25-26.pdf,550,recognition,2023,The Cost Of Hiding Negative News.,,,,Mondaq,
deHaan_CV_25-26.pdf,551,recognition,2023,Will BNPL pass the test?,,,,Payments Dive,
deHaan_CV_25-26.pdf,553,recognition,2023,"Ernst & Young, after its failed split, could find itself vulnerable to staff poaching.",,,,Wall Street Journal,
deHaan_CV_25-26.pdf,555,recognition,2023,BNPL remains mainly absent from consumer credit histories.,,,,Payments Dive,
deHaan_CV_25-26.pdf,556,recognition,2023,U.S. Regulators to Scrutinize Payment Methods.,,,,NACS,
deHaan_CV_25-26.pdf,557,recognition,2023,What payments can expect from Washington this year.,,,,Payments Dive,
deHaan_CV_25-26.pdf,558,recognition,2022,New MBA Courses At The Top U.S. B-Schools.,,,,Yahoo News,
deHaan_CV_25-26.pdf,559,recognition,2022,"Initial seven Foster Purpose Grants seed projects advancing leadership, insight, progress",,,,Foster Business Magazine,
deHaan_CV_25-26.pdf,561,recognition,2021,The unspeakable limits of disclosure,,,,Compliance Watch,
deHaan_CV_25-26.pdf,562,recognition,2020,The Delicate Dance of Timing Earnings Releases,,,,Lexology,
deHaan_CV_25-26.pdf,563,recognition,2020,Notes on (How Not to Have) a Scandal,,,,Forward Magazine,
deHaan_CV_25-26.pdf,564,recognition,2019,Choosing the Right Earnings Day is a Complex Task for Finance Executives,,,,Wall Street Journal,
deHaan_CV_25-26.pdf,566,recognition,2019,Activists provide sugar hit,,,,Investors Chronicle,
deHaan_CV_25-26.pdf,567,recognition,2019,Investing Lessons From the Activist Playbook,,,,Barron’s,
deHaan_CV_25-26.pdf,568,recognition,2018,President Trump Wants to Get Rid of Quarterly Earnings Reports,,,,Journal Times,
deHaan_CV_25-26.pdf,569,recognition,2018,"Tesla, Papa John’s Gaffes Boost Odds of Accounting Miscues",,,,Bloomberg,
deHaan_CV_25-26.pdf,571,recognition,2018,"ASX Lessons, SGX’s Tech Ambitions",,,,Medium,
deHaan_CV_25-26.pdf,572,recognition,2018,Some good news for comScore? Here’s the latest.,,,,Washington Business Journal,
deHaan_CV_25-26.pdf,573,recognition,2018,Automated articles on corporate earnings strengthen capital markets.,,,,Foster Business,
deHaan_CV_25-26.pdf,575,recognition,2018,ComScore hires Goldman Sachs to explore a sale — but it's likely to be at a discount.,,,,Washington Business Journal,
deHaan_CV_25-26.pdf,577,recognition,2017,How robo-journalism is redefining results reporting.,,,,IR Magazine,
deHaan_CV_25-26.pdf,578,recognition,2017,Embattled comScore is running out of options,,,,Washington Business Journal,
deHaan_CV_25-26.pdf,579,recognition,2017,Should we stop the ‘revolving door’?,,,,Chicago Booth Review,
deHaan_CV_25-26.pdf,580,recognition,2017,Chaos at Uber reverberates in industry known for ‘frat-boy’ culture,,,,Christian Science Monitor,
deHaan_CV_25-26.pdf,582,recognition,2016,"Vol. 28, No. 12: A Nurse Doctor.",,,,Wall Street Journal,
deHaan_CV_25-26.pdf,583,recognition,2016,"As Welspun stares into the abyss, can it reinvent itself?",,,,Mint,
deHaan_CV_25-26.pdf,584,recognition,2016,Is it time to get rid of quarterly earnings reports?,,,,NPR Marketplace,
deHaan_CV_25-26.pdf,585,recognition,2016,Scandals do not always sink a company’s stock.,,,,USA Today,
deHaan_CV_25-26.pdf,586,recognition,2016,"Treasury Today, “Coping with a scandal.”",,,,Treasury Today,
deHaan_CV_25-26.pdf,587,recognition,2015,"Politico, “SEC's Republicans tried to block $52M in corporate penalties last month.”",,,,Politico,
deHaan_CV_25-26.pdf,589,recognition,2015,"Financial Times, “SEC rule proposal prompts rush to alter clawback policies.”",,,,Financial Times,
deHaan_CV_25-26.pdf,590,recognition,2015,"Aljazeera, “Betting on biotech: Activists want SEC to regulate volatile market.”",,,,Aljazeera,
deHaan_CV_25-26.pdf,591,recognition,2015,"Wall Street Journal, “How bad weather could affect stock prices.”",,,,Wall Street Journal,
deHaan_CV_25-26.pdf,592,recognition,2014,"Financial Times, “GSK picks good day to announce Chinese bribery fine.”",,,,Financial Times,
deHaan_CV_25-26.pdf,598,recognition,2025,Page header/footer: Ed deHaan — Page 9 — October 2025,,,,,
